{"loss": [0.004645593464374542, 0.004430780652910471, 0.004301390610635281, 0.004155109170824289, 0.004092866089195013], "accuracy": [0.8976244926452637, 0.9044026732444763, 0.909701406955719, 0.9136990308761597, 0.9151155352592468], "val_loss": [0.008523940108716488, 0.008467060513794422, 0.0072964574210345745, 0.0071707721799612045, 0.0073450542986392975], "val_accuracy": [0.898360013961792, 0.9043722152709961, 0.9169316291809082, 0.9182851314544678, 0.9157669544219971]}